{
  "model": "mobilenetv3_canny",
  "total_epochs": 15,
  "initial_epochs": 15,
  "finetune_epochs": 0,
  "final_val_accuracy": 0.747116208076477,
  "final_val_precision": 0.6658711433410645,
  "final_val_recall": 0.9911190271377563,
  "final_val_auc": 0.9416704773902893,
  "best_val_accuracy": 0.8669033050537109,
  "best_val_auc": 0.9428104162216187,
  "class_weights": {
    "0": 1.000222024866785,
    "1": 0.9997780736795384
  },
  "dataset_info": {
    "train_damaged": 2253,
    "train_clean": 2252,
    "val_damaged": 563,
    "val_clean": 564
  }
}