{
  "final_accuracy": 0.8155080080032349,
  "final_precision": 0.8144329786300659,
  "final_recall": 0.9787610769271851
}